nome,categoria,quantidade,validade
File de tilapia,Congelado,6,01/01/2027
Açucar refinado,Estocável,30,01/01/2027
File de Frango,Congelado,20,01/01/2027
Frango em cubos,Congelado,24,01/01/2027
Coxa e sobre coxa s/ osso,Congelado,16,01/01/2027
Patinho em tiras,Congelado,14,01/01/2027
Musculo em cubos,Congelado,12,01/01/2027
Carne seca,Congelado,6,01/01/2027
Linguiça calabresa,Congelado,6,01/01/2027
Bisteca suina,Congelado,6,01/01/2027
Hamburguer bovino,Congelado,12,01/01/2027
Feijão carioca,Estocável,4,01/01/2027
Feijão preto,Estocável,26,01/01/2027
Óleo de soja,Estocável,36,01/01/2027
Óleo composto,Estocável,12,01/01/2027
Arroz agulhinha,Estocável,8,01/01/2027
Café em pó,Estocável,38,01/01/2027
Achocolatado,Estocável,28,01/01/2027
Chá Mate,Estocável,15,01/01/2027
