nome,quantidade,data_validade,categoria
File de tilapia,6,01/01/2027,Congelado
Açucar refinado,30,01/01/2027,Estocável
File de Frango,20,01/01/2027,Congelado
Frango em cubos,24,01/01/2027,Congelado
Coxa e sobre coxa s/ osso,16,01/01/2027,Congelado
Patinho em tiras,14,01/01/2027,Congelado
Musculo em cubos,12,01/01/2027,Congelado
Carne seca,6,01/01/2027,Congelado
Linguiça calabresa,6,01/01/2027,Congelado
Bisteca suina,6,01/01/2027,Congelado
Hamburguer bovino,12,01/01/2027,Congelado
Feijão carioca,10,01/01/2027,Estocável
Feijão preto,26,01/01/2027,Estocável
Óleo de soja,36,01/01/2027,Estocável
Óleo composto,12,01/01/2027,Estocável
Café em pó,38,01/01/2027,Estocável
Achocolatado,28,01/01/2027,Estocável
Chá Mate,15,01/01/2027,Estocável
Arroz agulhinha,30,01/01/2027,Estocável
Frango,16,30/10/2026,Congelado
Carne,10,30/11/2026,Congelado
TESTE DELETE,1,31/12/2026,Estocável
Teste Alerta,3,10/10/2026,Estocável
